nom_de_larret,coordonnees_gps_(vias_ardallion__grau_dagde),coordonnees_gps_(grau_dagde_vias_ardallion),numero_de_ligne
Grau dAgde,"43.286056, 3.446429",,Ligne 2
Centre Aquatique,"43.287246, 3.476223","43.2874, 3.476181",Ligne 2
Notre Dame (Provisoire),"43.293159, 3.453947","43.29338, 3.453395",Ligne 2
,,,Ligne 2
Montilles,"43.290826, 3.463747","43.291028, 3.463308",Ligne 2
Mimosas,"43.2893, 3.47085","43.28947, 3.47072",Ligne 2
LEphebe,"43.294963, 3.471111","43.2951, 3.470905",Ligne 2
Espace Grand Cap,"43.297667, 3.473413","43.297741, 3.473502",Ligne 2
Centre Hospitalier,"43.298709, 3.484094",,Ligne 2
College & Lycee,"43.301659, 3.483757","43.301671, 3.48324",Ligne 2
Oliveraie,"43.304187, 3.483997","43.304167, 3.484303",Ligne 2
Michelet,"43.307109, 3.47919","43.30727, 3.47923",Ligne 2
,,,Ligne 2
Commissariat,"43.311831, 3.476207","43.311954, 3.475681",Ligne 2
Promenade (Provisoire),"43.315345, 3.471014",,Ligne 2
Jean Jaures,"43.31481, 3.46954",,Ligne 2
Agde Gare SNCF,"43.316955, 3.46597",,Ligne 2
Croix de la Mission,"43.314086, 3.424279","43.313982, 3.424319",Ligne 2
Victor Hugo,"43.313929, 3.418283","43.313775, 3.418452",Ligne 2
Vias Ardallion,"43.31252, 3.40936","43.312465, 3.40876",Ligne 2
Ligne 3,,,
Nom de larret,Coordonnees GPS   (Vieux Port  ? Agde Gare SNCF),Coordonnees GPS ( Agde Gare SNCF ? Vieux Port),Numero de ligne
Agde Gare SNCF,"43.316955, 3.46597",,Ligne 3 
Jean Jaures,"43.31481, 3.46954",,Ligne 3 
Commissariat,"43.311954, 3.475681","43.311831, 3.476207",Ligne 3 
Albert Camus,"43.30814, 3.47772","43.30852, 3.47725",Ligne 3 
Michelet,"43.307109, 3.47919","43.30727, 3.47923",Ligne 3 
Oliveraie,"43.304187, 3.483997","43.304167, 3.484303",Ligne 3 
College & Lycee,"43.301659, 3.483757","43.301671, 3.48324",Ligne 3 
Centre Hospitalier,"43.298709, 3.484094",,Ligne 3 
Jean Monnet,"43.299214, 3.477938","43.299819, 3.47843",Ligne 3 
Espace Grand Cap,"43.297667, 3.473413","43.297741, 3.473502",Ligne 3 
LEphebe,"43.294963, 3.471111","43.2951, 3.470905",Ligne 3 
Mimosas,"43.2893, 3.47085","43.28947, 3.47072",Ligne 3 
Centre Aquatique,"43.287246, 3.476223","43.2874, 3.476181",Ligne 3 
Malfato,"43.285644, 3.481549","43.285577, 3.48169",Ligne 3 
Camarines,"43.279959, 3.480987","43.279229, 3.481219",Ligne 3 
Mail de Rochelongue,"43.278139, 3.484764","43.278095, 3.485575",Ligne 3 
Pacifique,"43.278594, 3.490197","43.279085, 3.490416",Ligne 3 
Corsaires,"43.279505, 3.493155","43.279914, 3.493594",Ligne 3 
Alizes,"43.281217, 3.495231","43.281571, 3.495743",Ligne 3 
Golf International,"43.283456, 3.499311","43.283575, 3.499067",Ligne 3 
Mont Saint Martin,"43.284517, 3.502568","43.284827, 3.502193",Ligne 3 
Palais des Congres Casino,"43.286392, 3.506198","43.28751, 3.506713",Ligne 3 
Musee  Centre Cap,"43.285987, 3.51311","43.286154, 3.513438",Ligne 3 
Le Mole,"43.28159, 3.51608","43.28165, 3.51632",Ligne 3 
Ile des Pecheurs,"43.27768, 3.51315","43.27773, 3.51336",Ligne 3 
Vieux Port,"43.274083, 3.510757",,Ligne 3 
Ligne 4,,,
Nom de larret,Coordonnees GPS (Agde Gare SNCF ? Cap Est / Village Naturiste),Coordonnees GPS (Cap Est / Village Naturiste ? Agde Gare SNCF),Numero de ligne
Agde Gare SNCF,"43.316955, 3.46597",,Ligne 4
Commissariat,"43.311954, 3.475681","43.311831, 3.476207",Ligne 4
Albert Camus,"43.30814, 3.47772","43.30852, 3.47725",Ligne 4
Michelet,"43.307109, 3.47919","43.30727, 3.47923",Ligne 4
Oliveraie,"43.304187, 3.483997","43.304167, 3.484303",Ligne 4
Cassin,"43.304011, 3.486561","43.304135, 3.486497",Ligne 4
Pere Cros,"43.30641, 3.49202","43.30621, 3.49171",Ligne 4
Capiscol,"43.307686, 3.494864","43.307834, 3.49599",Ligne 4
Baldy,"43.307598, 3.500649","43.307742, 3.499803",Ligne 4
Musee / Centre Cap,"43.285987, 3.51311","43.286154, 3.513438",Ligne 4
La Clape,"43.28626, 3.516627","43.286909, 3.517267",Ligne 4
Galeres,"43.287917, 3.521274","43.287868, 3.520768",Ligne 4
Roquille,"43.289171, 3.523256","43.288926, 3.522623",Ligne 4
Port Lano,"43.290843, 3.519132","43.29065, 3.519497",Ligne 4
Soldats,"43.291069, 3.517286","43.291003, 3.517173",Ligne 4
Centre Int Tennis,"43.291665, 3.515483","43.291368, 3.514689",Ligne 4
Ambonne,"43.29391, 3.51683","43.29393, 3.51668",Ligne 4
Maraval,"43.295534, 3.517469","43.295815, 3.517278",Ligne 4
Cap Est / Village Naturiste,"43.297058, 3.521779",,Ligne 4
Ligne 5,,,
Nom de larret,Coordonnees GPS (Alouette ? Pezenas Jean Moulin),Coordonnees GPS (Pezenas Jean Moulin ? Alouette),Numero de ligne
Alouette,"43.308795, 3.417694","43.308776, 3.417829",Ligne 5
Vias Ardallion,"43.31252, 3.40936","43.312465, 3.40876",Ligne 5
Victor Hugo,"43.313929, 3.418283","43.313775, 3.418452",Ligne 5
Croix de la Mission,"43.314086, 3.424279","43.313982, 3.424319",Ligne 5
Grand Rue,"43.36196, 3.42456",,Ligne 5
08-mai-45,"43.3654, 3.4236","43.3655, 3.4235",Ligne 5
Heliopole,"43.373327, 3.422129",,Ligne 5
Le Causse,"43.391402, 3.420459","43.391126, 3.420292",Ligne 5
Portalet,"43.395492, 3.416044","43.395462, 3.415908",Ligne 5
Caritat,"43.402498, 3.408182",,Ligne 5
Carignan,"43.421812, 3.407249","43.421741, 3.407112",Ligne 5
Stade,"43.424958, 3.408146","43.424978, 3.407937",Ligne 5
Pezenas Jean Moulin,"43.458727, 3.413128",,Ligne 5
Ligne 7,,,
Nom de larret,Coordonnees GPS (Pezenas Moliere ? Centre Hospitalier),Coordonnees GPS (Agde Gare SNCF ? Pezenas Moliere),Numero de ligne
Centre Hospitalier,"43.464057, 3.430564",,Ligne 7
Agde Gare SNCF,"43.316955, 3.46597",,Ligne 7
Metallurgie,"43.37998, 3.46898","43.38021, 3.46893",Ligne 7
Parc Blay,"43.38391, 3.46423","43.38395, 3.46471",Ligne 7
Peyrou,"43.38686, 3.464471","43.38666, 3.46445",Ligne 7
Marcadal,"43.38879, 3.472242","43.38879, 3.472242",Ligne 7
Boulodrome,"43.385885, 3.473257","43.385903, 3.473184",Ligne 7
La Croix,"43.390707, 3.493321","43.390739, 3.493476",Ligne 7
Mediatheque,"43.391748, 3.498425","43.39167, 3.49808",Ligne 7
Cigale,"43.395232, 3.501899",,Ligne 7
Via Domitia,"43.405977, 3.511244",,Ligne 7
Picpoul,"43.40667, 3.5085",,Ligne 7
Lauriers,"43.405644, 3.503527",,Ligne 7
Peyral,"43.434495, 3.438413",,Ligne 7
Coudonniers,"43.442269, 3.441508",,Ligne 7
Pezenas Moliere,"43.460632, 3.425853","43.460632, 3.425853",Ligne 7
